colour_code,colour_name,product_line,set_size_ct,included
701,Yellow,Black Edition colour pencils,12,1
703,Red,Black Edition colour pencils,12,1
706,Light Blue,Black Edition colour pencils,12,1
707,Cerulean,Black Edition colour pencils,12,1
709,Green,Black Edition colour pencils,12,1
710,Lime,Black Edition colour pencils,12,1
711,Brown,Black Edition colour pencils,12,1
712,Black,Black Edition colour pencils,12,1
718,Peach,Black Edition colour pencils,12,1
724,Dark Gray,Black Edition colour pencils,12,1
727,Orange,Black Edition colour pencils,12,1
731,Ruby Red,Black Edition colour pencils,12,1
701,Yellow,Black Edition colour pencils,24,1
703,Red,Black Edition colour pencils,24,1
704,Pink,Black Edition colour pencils,24,1
705,Violet,Black Edition colour pencils,24,1
706,Light Blue,Black Edition colour pencils,24,1
707,Cerulean,Black Edition colour pencils,24,1
708,Mint Green,Black Edition colour pencils,24,1
709,Green,Black Edition colour pencils,24,1
710,Lime,Black Edition colour pencils,24,1
711,Brown,Black Edition colour pencils,24,1
712,Black,Black Edition colour pencils,24,1
713,White,Black Edition colour pencils,24,1
714,Orange Yellow,Black Edition colour pencils,24,1
715,Red Orange,Black Edition colour pencils,24,1
716,Dark Red,Black Edition colour pencils,24,1
718,Peach,Black Edition colour pencils,24,1
719,Red Violet,Black Edition colour pencils,24,1
720,Periwinkle,Black Edition colour pencils,24,1
722,Yellow Ochre,Black Edition colour pencils,24,1
724,Dark Gray,Black Edition colour pencils,24,1
727,Orange,Black Edition colour pencils,24,1
731,Ruby Red,Black Edition colour pencils,24,1
738,Bluish Turquoise,Black Edition colour pencils,24,1
748,Mohogany,Black Edition colour pencils,24,1
701,Yellow,Black Edition colour pencils,36,1
703,Red,Black Edition colour pencils,36,1
704,Pink,Black Edition colour pencils,36,1
705,Violet,Black Edition colour pencils,36,1
706,Light Blue,Black Edition colour pencils,36,1
707,Cerulean,Black Edition colour pencils,36,1
708,Mint Green,Black Edition colour pencils,36,1
709,Green,Black Edition colour pencils,36,1
710,Lime,Black Edition colour pencils,36,1
711,Brown,Black Edition colour pencils,36,1
712,Black,Black Edition colour pencils,36,1
713,White,Black Edition colour pencils,36,1
714,Orange Yellow,Black Edition colour pencils,36,1
715,Red Orange,Black Edition colour pencils,36,1
716,Dark Red,Black Edition colour pencils,36,1
717,Magenta,Black Edition colour pencils,36,1
718,Peach,Black Edition colour pencils,36,1
719,Red Violet,Black Edition colour pencils,36,1
720,Periwinkle,Black Edition colour pencils,36,1
722,Yellow Ochre,Black Edition colour pencils,36,1
723,Burnt Sienna,Black Edition colour pencils,36,1
724,Dark Gray,Black Edition colour pencils,36,1
727,Orange,Black Edition colour pencils,36,1
730,Petal Rose,Black Edition colour pencils,36,1
731,Ruby Red,Black Edition colour pencils,36,1
732,Salmon,Black Edition colour pencils,36,1
733,Crimson,Black Edition colour pencils,36,1
734,Slate,Black Edition colour pencils,36,1
735,Pale Rose,Black Edition colour pencils,36,1
736,Blue,Black Edition colour pencils,36,1
738,Bluish Turquoise,Black Edition colour pencils,36,1
739,Turquoise,Black Edition colour pencils,36,1
740,Blue green,Black Edition colour pencils,36,1
742,Dark Green,Black Edition colour pencils,36,1
744,Yellow Green,Black Edition colour pencils,36,1
748,Mohogany,Black Edition colour pencils,36,1
701,Yellow,Black Edition colour pencils,50,1
702,Yellow Orange,Black Edition colour pencils,50,1
703,Red,Black Edition colour pencils,50,1
704,Pink,Black Edition colour pencils,50,1
705,Violet,Black Edition colour pencils,50,1
706,Light Blue,Black Edition colour pencils,50,1
707,Cerulean,Black Edition colour pencils,50,1
708,Mint Green,Black Edition colour pencils,50,1
709,Green,Black Edition colour pencils,50,1
710,Lime,Black Edition colour pencils,50,1
711,Brown,Black Edition colour pencils,50,1
712,Black,Black Edition colour pencils,50,1
713,White,Black Edition colour pencils,50,1
714,Orange Yellow,Black Edition colour pencils,50,1
715,Red Orange,Black Edition colour pencils,50,1
716,Dark Red,Black Edition colour pencils,50,1
717,Magenta,Black Edition colour pencils,50,1
718,Peach,Black Edition colour pencils,50,1
719,Red Violet,Black Edition colour pencils,50,1
720,Periwinkle,Black Edition colour pencils,50,1
721,Gray Green,Black Edition colour pencils,50,1
722,Yellow Ochre,Black Edition colour pencils,50,1
723,Burnt Sienna,Black Edition colour pencils,50,1
724,Dark Gray,Black Edition colour pencils,50,1
725,Green Yellow,Black Edition colour pencils,50,1
726,Ochre-orange,Black Edition colour pencils,50,1
727,Orange,Black Edition colour pencils,50,1
728,Sand,Black Edition colour pencils,50,1
729,Light Crimson,Black Edition colour pencils,50,1
730,Petal Rose,Black Edition colour pencils,50,1
731,Ruby Red,Black Edition colour pencils,50,1
732,Salmon,Black Edition colour pencils,50,1
733,Crimson,Black Edition colour pencils,50,1
734,Slate,Black Edition colour pencils,50,1
735,Pale Rose,Black Edition colour pencils,50,1
736,Blue,Black Edition colour pencils,50,1
737,Navy Blue,Black Edition colour pencils,50,1
738,Bluish Turquoise,Black Edition colour pencils,50,1
739,Turquoise,Black Edition colour pencils,50,1
740,Blue green,Black Edition colour pencils,50,1
741,Teal,Black Edition colour pencils,50,1
742,Dark Green,Black Edition colour pencils,50,1
743,Spring Green,Black Edition colour pencils,50,1
744,Yellow Green,Black Edition colour pencils,50,1
745,Burnt Umber,Black Edition colour pencils,50,1
746,Taupe,Black Edition colour pencils,50,1
747,Burnt Ochre,Black Edition colour pencils,50,1
748,Mohogany,Black Edition colour pencils,50,1
749,Blue Violet,Black Edition colour pencils,50,1
750,Cool Gray,Black Edition colour pencils,50,1
701,Yellow,Black Edition colour pencils,100,1
702,Yellow Orange,Black Edition colour pencils,100,1
703,Red,Black Edition colour pencils,100,1
704,Pink,Black Edition colour pencils,100,1
705,Violet,Black Edition colour pencils,100,1
706,Light Blue,Black Edition colour pencils,100,1
707,Cerulean,Black Edition colour pencils,100,1
708,Mint Green,Black Edition colour pencils,100,1
709,Green,Black Edition colour pencils,100,1
710,Lime,Black Edition colour pencils,100,1
711,Brown,Black Edition colour pencils,100,1
712,Black,Black Edition colour pencils,100,1
713,White,Black Edition colour pencils,100,1
714,Orange Yellow,Black Edition colour pencils,100,1
715,Red Orange,Black Edition colour pencils,100,1
716,Dark Red,Black Edition colour pencils,100,1
717,Magenta,Black Edition colour pencils,100,1
718,Peach,Black Edition colour pencils,100,1
719,Red Violet,Black Edition colour pencils,100,1
720,Periwinkle,Black Edition colour pencils,100,1
721,Gray Green,Black Edition colour pencils,100,1
722,Yellow Ochre,Black Edition colour pencils,100,1
723,Burnt Sienna,Black Edition colour pencils,100,1
724,Dark Gray,Black Edition colour pencils,100,1
725,Green Yellow,Black Edition colour pencils,100,1
726,Ochre-orange,Black Edition colour pencils,100,1
727,Orange,Black Edition colour pencils,100,1
728,Sand,Black Edition colour pencils,100,1
729,Light Crimson,Black Edition colour pencils,100,1
730,Petal Rose,Black Edition colour pencils,100,1
731,Ruby Red,Black Edition colour pencils,100,1
732,Salmon,Black Edition colour pencils,100,1
733,Crimson,Black Edition colour pencils,100,1
734,Slate,Black Edition colour pencils,100,1
735,Pale Rose,Black Edition colour pencils,100,1
736,Blue,Black Edition colour pencils,100,1
737,Navy Blue,Black Edition colour pencils,100,1
738,Bluish Turquoise,Black Edition colour pencils,100,1
739,Turquoise,Black Edition colour pencils,100,1
740,Blue green,Black Edition colour pencils,100,1
741,Teal,Black Edition colour pencils,100,1
742,Dark Green,Black Edition colour pencils,100,1
743,Spring Green,Black Edition colour pencils,100,1
744,Yellow Green,Black Edition colour pencils,100,1
745,Burnt Umber,Black Edition colour pencils,100,1
746,Taupe,Black Edition colour pencils,100,1
747,Burnt Ochre,Black Edition colour pencils,100,1
748,Mohogany,Black Edition colour pencils,100,1
749,Blue Violet,Black Edition colour pencils,100,1
750,Cool Gray,Black Edition colour pencils,100,1
751,Rose Quartz,Black Edition colour pencils,100,1
752,Orchid,Black Edition colour pencils,100,1
753,Persian Red,Black Edition colour pencils,100,1
754,Plum,Black Edition colour pencils,100,1
755,Lilac,Black Edition colour pencils,100,1
756,Amethyst,Black Edition colour pencils,100,1
757,Royal Purple,Black Edition colour pencils,100,1
758,Mediterranean Blue,Black Edition colour pencils,100,1
759,Tropical Green,Black Edition colour pencils,100,1
760,Olive Green,Black Edition colour pencils,100,1
761,Apple Green,Black Edition colour pencils,100,1
762,Warm Gray,Black Edition colour pencils,100,1
763,Light Gray,Black Edition colour pencils,100,1
764,Scarlet Red,Black Edition colour pencils,100,1
765,Petroleum Blue,Black Edition colour pencils,100,1
766,Forest Green,Black Edition colour pencils,100,1
767,Golden Yellow,Black Edition colour pencils,100,1
768,Almond,Black Edition colour pencils,100,1
769,Blush,Black Edition colour pencils,100,1
770,Coral,Black Edition colour pencils,100,1
771,Ultra Violet,Black Edition colour pencils,100,1
772,Lunar Gray,Black Edition colour pencils,100,1
773,Blue Quartz,Black Edition colour pencils,100,1
774,Midnight Blue,Black Edition colour pencils,100,1
775,Blue Bolt,Black Edition colour pencils,100,1
776,Emerald Green,Black Edition colour pencils,100,1
777,Shamrock,Black Edition colour pencils,100,1
778,Fern,Black Edition colour pencils,100,1
779,Palm Leaf,Black Edition colour pencils,100,1
780,Khaki,Black Edition colour pencils,100,1
781,Cappuccino,Black Edition colour pencils,100,1
782,Antique Brass,Black Edition colour pencils,100,1
783,Hazelnut,Black Edition colour pencils,100,1
784,Espresso,Black Edition colour pencils,100,1
785,Ivory,Black Edition colour pencils,100,1
786,Oak,Black Edition colour pencils,100,1
787,Terracotta,Black Edition colour pencils,100,1
788,Clove,Black Edition colour pencils,100,1
789,Pastel Yellow,Black Edition colour pencils,100,1
790,Pastel Pink,Black Edition colour pencils,100,1
791,Pastel Orange,Black Edition colour pencils,100,1
792,Pastel Purple,Black Edition colour pencils,100,1
793,Pastel Blue,Black Edition colour pencils,100,1
794,Pastel Green,Black Edition colour pencils,100,1
795,Neon Yellow,Black Edition colour pencils,100,1
796,Neon Orange,Black Edition colour pencils,100,1
797,Neon Pink,Black Edition colour pencils,100,1
798,Neon Blue,Black Edition colour pencils,100,1
799,Neon Green,Black Edition colour pencils,100,1
800,Neon Purple,Black Edition colour pencils,100,1
807,Gold,Black Edition metallic,12,1
808,Metallic Yellow,Black Edition metallic,12,1
809,Bronze,Black Edition metallic,12,1
810,Metallic Red,Black Edition metallic,12,1
811,Metallic Aqua Green,Black Edition metallic,12,1
812,Metallic Green,Black Edition metallic,12,1
813,Metallic Light Blue,Black Edition metallic,12,1
814,Metallic Blue,Black Edition metallic,12,1
815,Metallic Pink,Black Edition metallic,12,1
816,Metallic Purple,Black Edition metallic,12,1
817,Silver,Black Edition metallic,12,1
818,Metallic Dark Grey,Black Edition metallic,12,1
789,Pastel Yellow,Black Edition neon + pastel,12,1
790,Pastel Pink,Black Edition neon + pastel,12,1
791,Pastel Orange,Black Edition neon + pastel,12,1
792,Pastel Purple,Black Edition neon + pastel,12,1
793,Pastel Blue,Black Edition neon + pastel,12,1
794,Pastel Green,Black Edition neon + pastel,12,1
795,Neon Yellow,Black Edition neon + pastel,12,1
796,Neon Orange,Black Edition neon + pastel,12,1
797,Neon Pink,Black Edition neon + pastel,12,1
798,Neon Blue,Black Edition neon + pastel,12,1
799,Neon Green,Black Edition neon + pastel,12,1
800,Neon Purple,Black Edition neon + pastel,12,1
783,Hazelnut,Black Edition skin tones,12,1
784,Espresso,Black Edition skin tones,12,1
785,Ivory,Black Edition skin tones,12,1
786,Oak,Black Edition skin tones,12,1
787,Terracotta,Black Edition skin tones,12,1
788,Clove,Black Edition skin tones,12,1
801,Beige,Black Edition skin tones,12,1
802,Porcelain,Black Edition skin tones,12,1
803,Oatmeal,Black Edition skin tones,12,1
804,Onyx,Black Edition skin tones,12,1
805,Caramel,Black Edition skin tones,12,1
806,Walnut,Black Edition skin tones,12,1
